<?xml version="1.0"?>
<font>
  <info face="Prince" size="16" bold="0" italic="0" charset="" unicode="1" stretchH="100" smooth="0" aa="1" padding="0,0,0,0" spacing="1,1" outline="0"/>
  <common lineHeight="13" base="11" scaleW="256" scaleH="256" pages="1" packed="0" alphaChnl="0" redChnl="4" greenChnl="4" blueChnl="4"/>
  <pages>
    <page id="0" file="prince_0.png" />
  </pages>
  <chars count="96">
    <char id="32" x="5" y="8" width="1" height="1" xoffset="0" yoffset="0" xadvance="4" page="0" chnl="15" />
    <char id="33" x="253" y="0" width="2" height="7" xoffset="0" yoffset="4" xadvance="3" page="0" chnl="15" />
    <char id="34" x="63" y="16" width="5" height="3" xoffset="0" yoffset="4" xadvance="6" page="0" chnl="15" />
    <char id="35" x="188" y="8" width="7" height="6" xoffset="0" yoffset="5" xadvance="8" page="0" chnl="15" />
    <char id="36" x="76" y="0" width="7" height="7" xoffset="0" yoffset="4" xadvance="8" page="0" chnl="15" />
    <char id="37" x="32" y="0" width="8" height="7" xoffset="0" yoffset="4" xadvance="9" page="0" chnl="15" />
    <char id="38" x="41" y="0" width="8" height="7" xoffset="0" yoffset="4" xadvance="9" page="0" chnl="15" />
    <char id="39" x="83" y="16" width="3" height="3" xoffset="0" yoffset="4" xadvance="4" page="0" chnl="15" />
    <char id="40" x="160" y="8" width="4" height="7" xoffset="0" yoffset="4" xadvance="5" page="0" chnl="15" />
    <char id="41" x="140" y="8" width="4" height="7" xoffset="0" yoffset="4" xadvance="5" page="0" chnl="15" />
    <char id="42" x="214" y="8" width="7" height="5" xoffset="0" yoffset="5" xadvance="8" page="0" chnl="15" />
    <char id="43" x="7" y="16" width="6" height="5" xoffset="0" yoffset="5" xadvance="7" page="0" chnl="15" />
    <char id="44" x="79" y="16" width="3" height="3" xoffset="0" yoffset="9" xadvance="4" page="0" chnl="15" />
    <char id="45" x="102" y="16" width="4" height="1" xoffset="0" yoffset="7" xadvance="5" page="0" chnl="15" />
    <char id="46" x="253" y="8" width="2" height="2" xoffset="0" yoffset="9" xadvance="3" page="0" chnl="15" />
    <char id="47" x="50" y="0" width="8" height="7" xoffset="0" yoffset="4" xadvance="9" page="0" chnl="15" />
    <char id="48" x="120" y="0" width="6" height="7" xoffset="0" yoffset="4" xadvance="7" page="0" chnl="15" />
    <char id="49" x="162" y="0" width="6" height="7" xoffset="0" yoffset="4" xadvance="7" page="0" chnl="15" />
    <char id="50" x="169" y="0" width="6" height="7" xoffset="0" yoffset="4" xadvance="7" page="0" chnl="15" />
    <char id="51" x="176" y="0" width="6" height="7" xoffset="0" yoffset="4" xadvance="7" page="0" chnl="15" />
    <char id="52" x="84" y="0" width="7" height="7" xoffset="0" yoffset="4" xadvance="8" page="0" chnl="15" />
    <char id="53" x="183" y="0" width="6" height="7" xoffset="0" yoffset="4" xadvance="7" page="0" chnl="15" />
    <char id="54" x="190" y="0" width="6" height="7" xoffset="0" yoffset="4" xadvance="7" page="0" chnl="15" />
    <char id="55" x="197" y="0" width="6" height="7" xoffset="0" yoffset="4" xadvance="7" page="0" chnl="15" />
    <char id="56" x="92" y="0" width="6" height="7" xoffset="0" yoffset="4" xadvance="7" page="0" chnl="15" />
    <char id="57" x="211" y="0" width="6" height="7" xoffset="0" yoffset="4" xadvance="7" page="0" chnl="15" />
    <char id="58" x="250" y="8" width="2" height="5" xoffset="1" yoffset="5" xadvance="4" page="0" chnl="15" />
    <char id="59" x="175" y="8" width="3" height="7" xoffset="0" yoffset="5" xadvance="4" page="0" chnl="15" />
    <char id="60" x="116" y="8" width="5" height="7" xoffset="0" yoffset="4" xadvance="6" page="0" chnl="15" />
    <char id="61" x="74" y="16" width="4" height="3" xoffset="0" yoffset="6" xadvance="5" page="0" chnl="15" />
    <char id="62" x="122" y="8" width="5" height="7" xoffset="0" yoffset="4" xadvance="6" page="0" chnl="15" />
    <char id="63" x="232" y="0" width="6" height="7" xoffset="0" yoffset="4" xadvance="7" page="0" chnl="15" />
    <char id="64" x="239" y="0" width="6" height="7" xoffset="0" yoffset="4" xadvance="7" page="0" chnl="15" />
    <char id="65" x="246" y="0" width="6" height="7" xoffset="0" yoffset="4" xadvance="7" page="0" chnl="15" />
    <char id="66" x="0" y="10" width="6" height="7" xoffset="0" yoffset="4" xadvance="7" page="0" chnl="15" />
    <char id="67" x="7" y="8" width="6" height="7" xoffset="0" yoffset="4" xadvance="7" page="0" chnl="15" />
    <char id="68" x="141" y="0" width="6" height="7" xoffset="0" yoffset="4" xadvance="7" page="0" chnl="15" />
    <char id="69" x="128" y="8" width="5" height="7" xoffset="0" yoffset="4" xadvance="6" page="0" chnl="15" />
    <char id="70" x="98" y="8" width="5" height="7" xoffset="0" yoffset="4" xadvance="6" page="0" chnl="15" />
    <char id="71" x="14" y="8" width="6" height="7" xoffset="0" yoffset="4" xadvance="7" page="0" chnl="15" />
    <char id="72" x="21" y="8" width="6" height="7" xoffset="0" yoffset="4" xadvance="7" page="0" chnl="15" />
    <char id="73" x="155" y="8" width="4" height="7" xoffset="0" yoffset="4" xadvance="5" page="0" chnl="15" />
    <char id="74" x="28" y="8" width="6" height="7" xoffset="0" yoffset="4" xadvance="7" page="0" chnl="15" />
    <char id="75" x="68" y="0" width="7" height="7" xoffset="0" yoffset="4" xadvance="8" page="0" chnl="15" />
    <char id="76" x="104" y="8" width="5" height="7" xoffset="0" yoffset="4" xadvance="6" page="0" chnl="15" />
    <char id="77" x="5" y="0" width="8" height="7" xoffset="0" yoffset="4" xadvance="9" page="0" chnl="15" />
    <char id="78" x="35" y="8" width="6" height="7" xoffset="0" yoffset="4" xadvance="7" page="0" chnl="15" />
    <char id="79" x="134" y="0" width="6" height="7" xoffset="0" yoffset="4" xadvance="7" page="0" chnl="15" />
    <char id="80" x="56" y="8" width="6" height="7" xoffset="0" yoffset="4" xadvance="7" page="0" chnl="15" />
    <char id="81" x="225" y="0" width="6" height="7" xoffset="-1" yoffset="4" xadvance="6" page="0" chnl="15" />
    <char id="82" x="218" y="0" width="6" height="7" xoffset="0" yoffset="4" xadvance="7" page="0" chnl="15" />
    <char id="83" x="204" y="0" width="6" height="7" xoffset="0" yoffset="4" xadvance="7" page="0" chnl="15" />
    <char id="84" x="155" y="0" width="6" height="7" xoffset="0" yoffset="4" xadvance="7" page="0" chnl="15" />
    <char id="85" x="148" y="0" width="6" height="7" xoffset="0" yoffset="4" xadvance="7" page="0" chnl="15" />
    <char id="86" x="113" y="0" width="6" height="7" xoffset="0" yoffset="4" xadvance="7" page="0" chnl="15" />
    <char id="87" x="14" y="0" width="8" height="7" xoffset="0" yoffset="4" xadvance="9" page="0" chnl="15" />
    <char id="88" x="42" y="8" width="6" height="7" xoffset="0" yoffset="4" xadvance="7" page="0" chnl="15" />
    <char id="89" x="49" y="8" width="6" height="7" xoffset="0" yoffset="4" xadvance="7" page="0" chnl="15" />
    <char id="90" x="59" y="0" width="8" height="7" xoffset="0" yoffset="4" xadvance="9" page="0" chnl="15" />
    <char id="91" x="165" y="8" width="4" height="7" xoffset="0" yoffset="4" xadvance="5" page="0" chnl="15" />
    <char id="92" x="23" y="0" width="8" height="7" xoffset="0" yoffset="4" xadvance="9" page="0" chnl="15" />
    <char id="93" x="145" y="8" width="4" height="7" xoffset="0" yoffset="4" xadvance="5" page="0" chnl="15" />
    <char id="94" x="56" y="16" width="6" height="3" xoffset="0" yoffset="4" xadvance="7" page="0" chnl="15" />
    <char id="95" x="95" y="16" width="6" height="1" xoffset="0" yoffset="11" xadvance="7" page="0" chnl="15" />
    <char id="96" x="69" y="16" width="4" height="3" xoffset="0" yoffset="4" xadvance="5" page="0" chnl="15" />
    <char id="97" x="236" y="8" width="6" height="5" xoffset="0" yoffset="6" xadvance="7" page="0" chnl="15" />
    <char id="98" x="63" y="8" width="6" height="7" xoffset="0" yoffset="4" xadvance="7" page="0" chnl="15" />
    <char id="99" x="21" y="16" width="6" height="5" xoffset="0" yoffset="6" xadvance="7" page="0" chnl="15" />
    <char id="100" x="70" y="8" width="6" height="7" xoffset="0" yoffset="4" xadvance="7" page="0" chnl="15" />
    <char id="101" x="222" y="8" width="6" height="5" xoffset="0" yoffset="6" xadvance="7" page="0" chnl="15" />
    <char id="102" x="110" y="8" width="5" height="7" xoffset="0" yoffset="4" xadvance="6" page="0" chnl="15" />
    <char id="103" x="77" y="8" width="6" height="7" xoffset="0" yoffset="6" xadvance="7" page="0" chnl="15" />
    <char id="104" x="84" y="8" width="6" height="7" xoffset="0" yoffset="4" xadvance="7" page="0" chnl="15" />
    <char id="105" x="179" y="8" width="2" height="7" xoffset="0" yoffset="4" xadvance="3" page="0" chnl="15" />
    <char id="106" x="0" y="0" width="4" height="9" xoffset="0" yoffset="4" xadvance="5" page="0" chnl="15" />
    <char id="107" x="91" y="8" width="6" height="7" xoffset="0" yoffset="4" xadvance="7" page="0" chnl="15" />
    <char id="108" x="182" y="8" width="2" height="7" xoffset="0" yoffset="4" xadvance="3" page="0" chnl="15" />
    <char id="109" x="205" y="8" width="8" height="5" xoffset="0" yoffset="6" xadvance="9" page="0" chnl="15" />
    <char id="110" x="35" y="16" width="6" height="5" xoffset="0" yoffset="6" xadvance="7" page="0" chnl="15" />
    <char id="111" x="42" y="16" width="6" height="5" xoffset="0" yoffset="6" xadvance="7" page="0" chnl="15" />
    <char id="112" x="99" y="0" width="6" height="7" xoffset="0" yoffset="6" xadvance="7" page="0" chnl="15" />
    <char id="113" x="106" y="0" width="6" height="7" xoffset="0" yoffset="6" xadvance="7" page="0" chnl="15" />
    <char id="114" x="229" y="8" width="6" height="5" xoffset="0" yoffset="6" xadvance="7" page="0" chnl="15" />
    <char id="115" x="49" y="16" width="6" height="5" xoffset="0" yoffset="6" xadvance="7" page="0" chnl="15" />
    <char id="116" x="134" y="8" width="5" height="7" xoffset="0" yoffset="4" xadvance="6" page="0" chnl="15" />
    <char id="117" x="243" y="8" width="6" height="5" xoffset="0" yoffset="6" xadvance="7" page="0" chnl="15" />
    <char id="118" x="0" y="18" width="6" height="5" xoffset="0" yoffset="6" xadvance="7" page="0" chnl="15" />
    <char id="119" x="196" y="8" width="8" height="5" xoffset="0" yoffset="6" xadvance="9" page="0" chnl="15" />
    <char id="120" x="14" y="16" width="6" height="5" xoffset="0" yoffset="6" xadvance="7" page="0" chnl="15" />
    <char id="121" x="127" y="0" width="6" height="7" xoffset="0" yoffset="6" xadvance="7" page="0" chnl="15" />
    <char id="122" x="28" y="16" width="6" height="5" xoffset="0" yoffset="6" xadvance="7" page="0" chnl="15" />
    <char id="123" x="170" y="8" width="4" height="7" xoffset="0" yoffset="4" xadvance="5" page="0" chnl="15" />
    <char id="124" x="185" y="8" width="2" height="7" xoffset="0" yoffset="4" xadvance="3" page="0" chnl="15" />
    <char id="125" x="150" y="8" width="4" height="7" xoffset="0" yoffset="4" xadvance="5" page="0" chnl="15" />
    <char id="126" x="87" y="16" width="7" height="2" xoffset="0" yoffset="4" xadvance="8" page="0" chnl="15" />
    <char id="160" x="107" y="16" width="1" height="1" xoffset="0" yoffset="0" xadvance="5" page="0" chnl="15" />
  </chars>
</font>
